file,category,instrument,root,comment,guess,why,status,loopable,name_instrument,name_mood,name_note,name_vs_pitch,name_key,name_bpm,pitch_kind,pitch_note,pitch_cents,pitch_hz,voiced,stability_cents,key,key_r,key_margin,duration_s,channels,sample_rate,peak_db,rms_db,active_rms_db,clipped,lead_ms,tail_ms,envelope,attack_ms,decay20_ms,sustain_db,head_tail_db,centroid_hz,noisiness,low_share,onsets,onset_rate,bpm,beat_strength,note_count,notes,pitch_classes
unsorted/adinkra_audio-tribal-drums-526712.mp3,,,,,rhythm,"79 onsets, pulse 60 bpm (strength 0.42)",ok,,drum,tribal,,,,,multi,,,95.64,0.51,1178,E minor,0.53,0.13,16.039,2,44100,-7.0,-27.9,-29.8,0,20,10,swell,1880,480,-16.2,7.0,420,0.179,0.12,79,4.93,60.0,0.42,45,F#1 A#3 A#2 E2 G1 A#3 F#1 F#2 B3 A#2 A#2 F#1 F#2 A#3 A#2 G1 F4 F#1 F#2 G1 G2 A#2 A#2 A#3 F#1 F#2 G1 G6 A#2 G2 A#3 F#1 ...,E F F# G A# B
unsorted/dragon-studio-atmospheric-drums-443147.mp3,,,,,rhythm,"10 onsets, name says drum",ok,yes,drum,,,,,,none,,,,0.13,,A# minor,0.44,0.04,5.592,2,48000,0.0,-11.4,-13.9,587,20,10,swell,710,330,-12.5,0.6,101,0.488,0.95,10,1.80,99.8,0.10,5,A#1 D#2 D#1 D2 D#2,D D# A#
unsorted/dragon-studio-halloween-creepy-wind-gust-511327.mp3,,,,,texture,"name says wind; 83% voiced, gliding",ok,,wind,halloween+creepy,,,,,multi,,,352.49,0.83,97,F# minor,0.35,0.04,8.976,2,48000,0.0,-14.1,-15.2,14,210,160,swell,2350,680,-14.5,2.9,374,0.092,0.00,13,1.51,111.4,0.13,18,F4 F#4 G4~G#4 G#4~G4 F#4 G#4 F#4 F#4 F4 F4 E4 E4 F4~E4 D#4 E4 E4 F4 E4,D# E F F# G G#
unsorted/floraphonic-fluttering-bamboo-flute-transition-b-2-209651.mp3,,,,,note_struck,"one pitch (95% voiced, +-13 c), decaying, 6 notes",ok,,flute+transition,,,,,,single,C5,-43,510.27,0.95,13,,0.00,0.00,4.104,2,48000,-2.3,-20.5,-19.9,0,110,620,decaying,240,80,-28.1,-30.8,1387,0.004,0.00,7,2.07,81.0,0.27,6,C5 C5 G6 B4 C#5 C5,C C# G B
unsorted/floraphonic-pan-flute-transition-b-1-188138.mp3,,,,,note_sustained,"one pitch (100% voiced, +-5 c), swell, 1 note",ok,,flute+transition,,,,,,single,G#3,-23,204.88,1.00,5,,0.00,0.00,5.040,2,48000,-6.5,-19.0,-18.6,0,40,550,swell,1230,1180,-18.4,-43.7,293,0.003,0.24,3,0.67,,0.00,1,G#3,G#
unsorted/floraphonic-pan-flute-transition-b-4-188142.mp3,,,D4,"by ear: F4 to D4, then D4 tremolo; very breathy",note_struck,"one pitch (79% voiced, +-6 c), decaying, 4 notes",ok,,flute+transition,,,,,,single,D4,11,295.45,0.79,6,,0.00,0.00,6.024,2,48000,-1.1,-23.9,-22.7,0,190,1380,decaying,390,220,-27.8,-32.4,1093,0.093,0.00,10,2.24,135.7,0.34,4,F4 D4 F4 D4,D F
unsorted/freesound_community-creepy-whistles-66703.mp3,,,,,mix,"long, 66 notes over C# D# E F F# G G# A A# B",ok,,whistle,creepy,,,,,multi,,,808.58,0.92,154,A minor,0.47,0.11,59.640,2,24000,-8.6,-26.1,-29.1,0,80,30,swell,1800,1290,-15.7,0.4,793,0.017,0.04,164,2.75,169.0,0.07,66,G#5~G5 G5 F5~F#5 G5 F5 A3 F5 A3 A5 G#5 G#5 G5 G5 G#5 G5 G#5 F#5 B2 D#5 D#5 G#3 G#5 A5 G#5 A5 G#5 A5 A5 A3 A3 A3 F3 ...,C# D# E F F# G G# A A# B
unsorted/freesound_community-dizi-flute-02-72563.mp3,,,,,phrase,16 notes over C D E F G# A A# B (99% voiced),ok,,flute,,,,,,multi,,,895.33,0.99,498,E minor,0.76,0.15,25.968,2,24000,-7.0,-22.4,-22.2,0,1610,2000,swell,2210,60,-10.9,-3.3,1151,0.001,0.00,29,1.30,183.4,0.16,16,A#5 C6 D6 E6 D6 C4 C6 A5 B5 A5 G#5 A5 C6 G#5 F5 E5,C D E F G# A A# B
unsorted/freesound_community-eery-ambience-78055.mp3,,,E4,"by ear: one E4, soft tremolo",drone,one pitch held 18 s at 332 Hz,ok,,ambience,eery,,,,,single,E4,11,331.80,0.98,10,,0.00,0.00,30.048,2,24000,-7.9,-28.6,-28.1,0,60,11580,swell,2650,1040,-20.2,-42.7,332,0.001,0.00,78,4.24,162.5,0.20,1,E4,E
unsorted/freesound_community-el-violin-long-note-flanger-27946.mp3,,,,,drone,one pitch held 22 s at 245 Hz,ok,,violin,,,,,,single,B3,-13,245.06,1.00,3,,0.00,0.00,22.440,2,24000,-15.7,-32.4,-34.9,0,50,20,swell,1560,3430,-11.8,-5.5,650,0.001,0.00,1,0.04,,0.00,1,B3,B
unsorted/freesound_community-jungle-6432.mp3,,,,,texture,"name says jungle; 80% voiced, gliding",ok,yes,jungle,,,,,,multi,,,140.03,0.80,1023,C# major,0.59,0.13,42.192,2,24000,-3.3,-21.2,-22.9,0,40,20,sustained,370,170,-14.3,-1.5,287,0.049,0.39,193,4.58,74.2,0.48,228,C#4 C#3 D#2 C#4 F#1 D#4 C#3 B2 C#3 F4 C#2 D#4 C#3 D#4 D#3 G3 C#2 A#2 C2 B2 C#4 C#3 D#2 C#4 F#1 D#4 C#3~D3 B2 C#3 F4 C#3 D#4 ...,C C# D D# F F# G A A# B
unsorted/freesound_community-kalimba-76210.wav,,,F#3,"by ear: F#3 on the keyboard, strong harmonics",note_struck,"one pitch (99% voiced, +-2 c), decaying, 1 note",ok,,kalimba,,,,,,single,F#3,-11,183.84,0.99,2,,0.00,0.00,3.929,2,24000,-0.8,-19.6,-17.1,0,50,1680,decaying,20,980,-21.7,-77.4,191,0.004,0.99,1,0.45,,0.00,1,F#3,F#
unsorted/freesound_community-kalimba_g-46244.mp3,,,,,note_struck,"one pitch (100% voiced, +-4 c), decaying, 1 note",ok,,kalimba,,,,,,single,G3,2,196.19,1.00,4,,0.00,0.00,6.048,2,24000,-13.0,-32.3,-32.2,0,40,120,decaying,20,1720,-29.9,-45.2,201,0.002,0.98,1,0.17,,0.00,1,G3,G
unsorted/freesound_community-suspense_strings_001wav-14805.mp3,,,,,drone,one pitch held 10 s at 40 Hz,ok,,string,suspense,,,,,single,E1,-43,40.18,0.59,8,,0.00,0.00,9.960,2,24000,-0.9,-17.2,-18.3,0,50,170,swell,840,500,-13.8,-41.1,93,0.326,0.91,7,0.72,175.8,0.32,3,E1 E1 E1~D#1,E
unsorted/kalsstockmedia-horror-jump-scare-effect-2-250464.mp3,stinger,,,,phrase,11 notes over C E F F# (42% voiced),ok,,,horror+scare,,,,,multi,,,83.35,0.42,45,A minor,0.46,0.05,9.221,2,44100,-1.3,-14.7,-15.7,0,90,30,swell,2200,2960,-10.8,-17.0,128,0.224,0.92,7,0.77,103.6,0.10,11,C2 F1 F1 F2~E2 E2 E2 E2 F2~E2 E2 F#1 E2,C E F F#
unsorted/kalsstockmedia-sudden-scary-jump-scare-effect-3-294235.mp3,stinger,,,,phrase,6 notes over F F# A (48% voiced),ok,,,scary+scare,,,,,multi,,,87.22,0.48,44,A minor,0.78,0.07,8.046,2,44100,0.0,-11.4,-12.7,12,20,1060,sustained,20,4050,-11.1,-50.1,120,0.254,0.94,4,0.57,127.4,0.16,6,A1 F#2 F2 F#2 F2 F#2~F2,F F# A
unsorted/musiqo-flute-rain-flute-loop-ambient-short-loop-340800.mp3,,,,,phrase,33 notes over C D F G A A# (88% voiced),ok,yes,flute+rain+loop+ambient,,,,,,multi,,,146.58,0.88,1207,A minor,0.76,0.06,11.154,2,44100,-12.0,-27.5,-30.1,0,20,0,swell,1530,4600,-10.4,-2.4,548,0.011,0.00,2,0.18,,0.00,33,D3 F2 A4 G4 F4 D3 G1 A#1 D4 A#2 F3 C2 G4 C2 G1 D2 G4 A1 F1 F4 A#1 D3 F2 G1 F2 A2 F2 A2 F2 C2 F2 F1 ...,C D F G A A#
unsorted/soundreality-flute-132530.mp3,,,F#5,by ear: one fluttering F#5 with a lot of reverb,note_struck,"one pitch (100% voiced, +-6 c), decaying, 1 note",ok,,flute,,,,,,single,F#5,-3,738.54,1.00,6,,0.00,0.00,16.032,2,48000,-0.0,-16.6,-15.7,2,20,7090,decaying,90,1600,-26.1,-92.4,746,0.000,0.00,23,2.58,61.2,0.17,1,F#5,F#
unsorted/tanweraman-desert-wind-1-350398.mp3,,,,,texture,"name says wind; 10% voiced, gliding",ok,yes,wind,,,,,,none,,,,0.10,,A minor,0.31,0.01,28.813,2,44100,-4.3,-28.0,-28.5,0,20,20,swell,530,230,-21.7,-0.4,661,0.217,0.04,6,0.21,86.2,0.05,15,C5 D5 E3 C#5~C5 A#4 B4 C#5 B4 C5 C#5 C5 B4 C5 C5 C5,C C# D E A# B
unsorted/universfield-comedy-flute-144564.mp3,,,,,phrase,21 notes over C D E F G (97% voiced),ok,,flute,comedy,,,,,multi,,,1190.44,0.97,138,D major,0.64,0.06,16.927,2,44100,-7.6,-27.8,-29.7,0,180,400,swell,2200,140,-34.7,-28.6,1356,0.002,0.00,24,1.47,113.2,0.24,21,G4 D4 F4 C6 E6 G4 G4 D4 C6 E6 G4 G4 D4 C6 E6 G4 G4 D4 C6 E6 G4,C D E F G
