name,file,trim
desert_wind,unsorted/tanweraman-desert-wind-1-350398.mp3,no
jungle,unsorted/freesound_community-jungle-6432.mp3,no
suspense_strings,unsorted/freesound_community-suspense_strings_001wav-14805.mp3,no
flute_rain_loop,unsorted/musiqo-flute-rain-flute-loop-ambient-short-loop-340800.mp3,no
low_bass_wind,unsorted/freesound_community-low-bass-wind-sound-101190.mp3,no
cemetery_wind,unsorted/dragon-studio-cemetery-wind-467488.mp3,no
atmos_drums,unsorted/dragon-studio-atmospheric-drums-443147.mp3,no
creepy_whistles,unsorted/freesound_community-creepy-whistles-66703.mp3,no
eery_E4,unsorted/freesound_community-eery-ambience-78055.mp3,yes
violin_B3,unsorted/freesound_community-el-violin-long-note-flanger-27946.mp3,yes
kalimba_Fs3,unsorted/freesound_community-kalimba-76210.wav,yes
kalimba_G3,unsorted/freesound_community-kalimba_g-46244.mp3,yes
panflute_Gs3,unsorted/floraphonic-pan-flute-transition-b-1-188138.mp3,yes
flute_Fs5,unsorted/soundreality-flute-132530.mp3,yes
scare_1,unsorted/kalsstockmedia-horror-jump-scare-effect-2-250464.mp3,yes
scare_2,unsorted/kalsstockmedia-sudden-scary-jump-scare-effect-3-294235.mp3,yes
hang_F3,unsorted/freesound_community-068320_hang-drum-2wav-80568.mp3,yes
hang_G4,unsorted/freesound_community-hang-drum-9-80579.mp3,yes
bass_C2,unsorted/freesound_community-2_c_mf-102718.mp3,yes
string_B1,unsorted/freesound_community-b-string-b0-39527.mp3,yes
metallophone_E6,unsorted/freesound_community-metallophone-e-note-105649.mp3,yes
zanka_D3,unsorted/freesound_community-zanka-note-d-44992.mp3,yes
bamboo_flute_C5,unsorted/floraphonic-fluttering-bamboo-flute-transition-b-2-209651.mp3,yes
harp_fall,unsorted/freesound_community-harp-buzzing-80812.mp3,yes
low_hit,unsorted/universfield-cinematic-low-hit-291095.mp3,yes
reverse_cymbal,unsorted/11325622-reverse-cymbal-sound-effect-239951.mp3,yes
night_pad_B2,unsorted/soundreality-jungle-night-pad-381096.mp3,yes
frog_croaks,unsorted/freesound_community-frog-croaks-22312.mp3,yes
crickets,unsorted/u_1eebrv7h0x-morning-frog-efect-sound_1-335758.mp3,no
tribal_drums,unsorted/adinkra_audio-tribal-drums-526712.mp3,yes
flute_Ds4,unsorted/freesound_community-flute_note_tremolo-103486.mp3,yes
hang2_F3,unsorted/freesound_community-hang-drum-3-102087.mp3,yes
guitar_A2,unsorted/freesound_community-twang-100524.mp3,yes
war_horn_D2,unsorted/kave_msri-war-horn-sfx-319881.mp3,yes
parrot,unsorted/freesound_community-parrot-80775.mp3,yes
synth_bass_A1,unsorted/freesound_community-synth-doublebass-a-85764.mp3,yes
rumble_G2,unsorted/11325622-dungeon-sound-effect-240254.mp3,yes
spirit_cello_D4,unsorted/freesound_community-spirit-cello-77111.mp3,yes
cello_C2,unsorted/freesound_community-cello-c2-104271.mp3,yes
scary_texture,unsorted/dragon-studio-scary-sound-effect-359877.mp3,yes
wind_gust,unsorted/dragon-studio-halloween-creepy-wind-gust-511327.mp3,yes
sweep,unsorted/freesound_community-sweep-percusion-texture-83452.mp3,yes
